{
  "activateSkinCapeForUserVersion": false,
  "skipHashsumValidation": false,
  "additionalFiles": [
    {
      "sha1": "8c5a95cbce940cfdb304376ae9fea47968d02587",
      "size": 10436626,
      "path": "libraries/net/minecraft/client/1.20.1-20230612.114412/client-1.20.1-20230612.114412-extra.jar",
      "url": "http://res.tlauncher.org/unb/libraries/cache/net/minecraft/client/1.20.1-20230612.114412/client-1.20.1-20230612.114412-extra.jar"
    },
    {
      "sha1": "de86b035d2da0f78940796bb95c39a932ed84834",
      "size": 12592249,
      "path": "libraries/net/minecraft/client/1.20.1-20230612.114412/client-1.20.1-20230612.114412-slim.jar",
      "url": "http://res.tlauncher.org/unb/libraries/cache/net/minecraft/client/1.20.1-20230612.114412/client-1.20.1-20230612.114412-slim.jar"
    },
    {
      "sha1": "6c48521eed01fe2e8ecdadbd5ae348415f3c47da",
      "size": 8001795,
      "path": "libraries/net/minecraft/client/1.20.1-20230612.114412/client-1.20.1-20230612.114412-mappings.txt",
      "url": "http://res.tlauncher.org/unb/libraries/cache/net/minecraft/client/1.20.1-20230612.114412/client-1.20.1-20230612.114412-mappings.txt"
    },
    {
      "sha1": "3c8aa19b710a3a68f721210eb69b74594d13e218",
      "size": 18842082,
      "path": "libraries/net/minecraft/client/1.20.1-20230612.114412/client-1.20.1-20230612.114412-srg.jar",
      "url": "http://res.tlauncher.org/unb/libraries/cache/net/minecraft/client/1.20.1-20230612.114412/client-1.20.1-20230612.114412-srg.jar"
    },
    {
      "sha1": "ac078f159add92ef9dce7a8259508c9d78470d3a",
      "size": 2672123,
      "path": "libraries/net/minecraftforge/forge/1.20.1-47.2.0/forge-1.20.1-47.2.0-universal.jar",
      "url": "http://res.tlauncher.org/unb/libraries/cache/net/minecraftforge/forge/1.20.1-47.2.0/forge-1.20.1-47.2.0-universal.jar"
    },
    {
      "sha1": "3e175b011146785588f1649a20d1834d10282a7c",
      "size": 4791112,
      "path": "libraries/net/minecraftforge/forge/1.20.1-47.2.0/forge-1.20.1-47.2.0-client.jar",
      "url": "http://res.tlauncher.org/unb/libraries/cache/net/minecraftforge/forge/1.20.1-47.2.0/forge-1.20.1-47.2.0-client.jar"
    },
    {
      "sha1": "ffd3c6debac0a388c9e33ac43c9f5eafb91cb466",
      "size": 117589,
      "path": "libraries/net/minecraftforge/fmlcore/1.20.1-47.2.0/fmlcore-1.20.1-47.2.0.jar",
      "url": "http://res.tlauncher.org/unb/libraries/cache/net/minecraftforge/fmlcore/1.20.1-47.2.0/fmlcore-1.20.1-47.2.0.jar"
    },
    {
      "sha1": "007f9181f85acc66547685a72020713fc8cbde98",
      "size": 16371,
      "path": "libraries/net/minecraftforge/javafmllanguage/1.20.1-47.2.0/javafmllanguage-1.20.1-47.2.0.jar",
      "url": "http://res.tlauncher.org/unb/libraries/cache/net/minecraftforge/javafmllanguage/1.20.1-47.2.0/javafmllanguage-1.20.1-47.2.0.jar"
    },
    {
      "sha1": "d501d161cabed08b3c139a2c6217b02a39f3c3e9",
      "size": 4996,
      "path": "libraries/net/minecraftforge/mclanguage/1.20.1-47.2.0/mclanguage-1.20.1-47.2.0.jar",
      "url": "http://res.tlauncher.org/unb/libraries/cache/net/minecraftforge/mclanguage/1.20.1-47.2.0/mclanguage-1.20.1-47.2.0.jar"
    },
    {
      "sha1": "7872f5205685fdd26fae39b1be79b0e60ca5b7bd",
      "size": 7397,
      "path": "libraries/net/minecraftforge/lowcodelanguage/1.20.1-47.2.0/lowcodelanguage-1.20.1-47.2.0.jar",
      "url": "http://res.tlauncher.org/unb/libraries/cache/net/minecraftforge/lowcodelanguage/1.20.1-47.2.0/lowcodelanguage-1.20.1-47.2.0.jar"
    }
  ],
  "tlauncherVersion": 0,
  "modpack": {
    "modpackMemory": false,
    "memory": 0,
    "id": -76781676576700,
    "name": "[ATA] Forge (1.20.1)",
    "favorite": false,
    "version": {
      "mods": [],
      "resourcePacks": [],
      "maps": [],
      "shaderpacks": [],
      "gameVersionDTO": {
        "id": 46,
        "name": "1.20.1"
      },
      "minecraftVersionName": {
        "id": 3582,
        "name": "47.2.0"
      },
      "id": -76781676589901,
      "name": "1.0",
      "available": false,
      "minecraftVersionTypes": [
        {
          "id": 1,
          "name": "forge"
        }
      ]
    },
    "userInstall": false,
    "populateStatus": false,
    "available": false,
    "parser": false,
    "totalComments": 0
  },
  "source": "local_versıon_repo",
  "jar": "1.20.1",
  "skinVersion": false
}