{
  "allowMovement": {
    "net.minecraft.class_434": true,
    "journeymap.client.ui.fullscreen.Fullscreen": true,
    "journeymap.client.ui.fullscreen.menu.FullScreenPopupMenu": true,
    "net.minecraft.class_433": true,
    "net.minecraft.class_429": true,
    "loaderCommon.fabric.com.seibel.distanthorizons.common.wrappers.gui.ClassicConfigGUI$ConfigScreen": true,
    "me.flashyreese.mods.reeses_sodium_options.client.gui.SodiumVideoOptionsScreen": true,
    "net.irisshaders.iris.gui.screen.ShaderPackScreen": true,
    "net.minecraft.class_5375": true,
    "net.minecraft.class_410": true,
    "journeymap.client.ui.waypointmanager.legacy.LegacyWaypointManager": true,
    "com.terraformersmc.modmenu.gui.ModsScreen": true,
    "net.minecraft.class_443": true,
    "journeymap.client.ui.option.ClientOptionsManager": true,
    "su.plo.lib.mod.client.gui.screen.ScreenWrapper": true,
    "journeymap.client.ui.dialog.AutoMapConfirmation": true,
    "journeymap.client.ui.option.ServerOptionsManager": true,
    "ru.vidtu.ias.screen.ConfigScreen": true,
    "net.minecraft.class_407": true,
    "me.cominixo.betterf3.config.gui.ModConfigScreen": true,
    "me.cominixo.betterf3.config.gui.modules.ModulesScreen": true,
    "me.shedaniel.clothconfig2.gui.ClothConfigScreen": true,
    "journeymap.client.ui.option.MultiplayerOptionsManager": true
  },
  "hideBackground": {
    "net.minecraft.class_5522": true
  }
}