{
  "minecraft:recipes/decorations/crafting_table": {
    "criteria": {
      "unlock_right_away": "2023-11-21 01:08:17 +0300"
    },
    "done": true
  },
  "minecraft:adventure/adventuring_time": {
    "criteria": {
      "minecraft:frozen_river": "2023-11-21 01:08:47 +0300",
      "minecraft:snowy_plains": "2023-11-21 01:08:45 +0300",
      "minecraft:snowy_taiga": "2023-11-21 01:08:19 +0300",
      "minecraft:windswept_gravelly_hills": "2023-11-21 01:13:35 +0300"
    },
    "done": false
  },
  "minecraft:adventure/root": {
    "criteria": {
      "killed_something": "2023-11-21 01:13:29 +0300"
    },
    "done": true
  },
  "DataVersion": 3465
}