{
  "id": "[ATA] Fabric (1.21)",
  "time": "2024-08-07T10:10:11+03:00",
  "releaseTime": "2024-06-13T08:24:03+03:00",
  "type": "release",
  "mainClass": "net.fabricmc.loader.impl.launch.knot.KnotClient",
  "minimumLauncherVersion": 21,
  "arguments": {
    "game": [
      {
        "values": [
          "--username"
        ]
      },
      {
        "values": [
          "${auth_player_name}"
        ]
      },
      {
        "values": [
          "--version"
        ]
      },
      {
        "values": [
          "${version_name}"
        ]
      },
      {
        "values": [
          "--gameDir"
        ]
      },
      {
        "values": [
          "${game_directory}"
        ]
      },
      {
        "values": [
          "--assetsDir"
        ]
      },
      {
        "values": [
          "${assets_root}"
        ]
      },
      {
        "values": [
          "--assetIndex"
        ]
      },
      {
        "values": [
          "${assets_index_name}"
        ]
      },
      {
        "values": [
          "--uuid"
        ]
      },
      {
        "values": [
          "${auth_uuid}"
        ]
      },
      {
        "values": [
          "--accessToken"
        ]
      },
      {
        "values": [
          "${auth_access_token}"
        ]
      },
      {
        "values": [
          "--clientId"
        ]
      },
      {
        "values": [
          "${clientid}"
        ]
      },
      {
        "values": [
          "--xuid"
        ]
      },
      {
        "values": [
          "${auth_xuid}"
        ]
      },
      {
        "values": [
          "--userType"
        ]
      },
      {
        "values": [
          "${user_type}"
        ]
      },
      {
        "values": [
          "--versionType"
        ]
      },
      {
        "values": [
          "${version_type}"
        ]
      },
      {
        "values": [
          "--demo"
        ],
        "rules": [
          {
            "action": "allow",
            "features": {
              "is_demo_user": true
            }
          }
        ]
      },
      {
        "values": [
          "--width",
          "${resolution_width}",
          "--height",
          "${resolution_height}"
        ],
        "rules": [
          {
            "action": "allow",
            "features": {
              "has_custom_resolution": true
            }
          }
        ]
      },
      {
        "values": [
          "--quickPlayPath",
          "${quickPlayPath}"
        ],
        "rules": [
          {
            "action": "allow",
            "features": {
              "has_quick_plays_support": true
            }
          }
        ]
      },
      {
        "values": [
          "--quickPlaySingleplayer",
          "${quickPlaySingleplayer}"
        ],
        "rules": [
          {
            "action": "allow",
            "features": {
              "is_quick_play_singleplayer": true
            }
          }
        ]
      },
      {
        "values": [
          "--quickPlayMultiplayer",
          "${quickPlayMultiplayer}"
        ],
        "rules": [
          {
            "action": "allow",
            "features": {
              "is_quick_play_multiplayer": true
            }
          }
        ]
      },
      {
        "values": [
          "--quickPlayRealms",
          "${quickPlayRealms}"
        ],
        "rules": [
          {
            "action": "allow",
            "features": {
              "is_quick_play_realms": true
            }
          }
        ]
      }
    ],
    "jvm": [
      {
        "values": [
          "-XstartOnFirstThread"
        ],
        "rules": [
          {
            "action": "allow",
            "os": {
              "name": "osx"
            }
          }
        ]
      },
      {
        "values": [
          "-XX:HeapDumpPath=MojangTricksIntelDriversForPerformance_javaw.exe_minecraft.exe.heapdump"
        ],
        "rules": [
          {
            "action": "allow",
            "os": {
              "name": "windows"
            }
          }
        ]
      },
      {
        "values": [
          "-Xss1M"
        ],
        "rules": [
          {
            "action": "allow",
            "os": {}
          }
        ]
      },
      {
        "values": [
          "-Djava.library.path=${natives_directory}"
        ]
      },
      {
        "values": [
          "-Djna.tmpdir=${natives_directory}"
        ]
      },
      {
        "values": [
          "-Dorg.lwjgl.system.SharedLibraryExtractPath=${natives_directory}"
        ]
      },
      {
        "values": [
          "-Dio.netty.native.workdir=${natives_directory}"
        ]
      },
      {
        "values": [
          "-Dminecraft.launcher.brand=${launcher_name}"
        ]
      },
      {
        "values": [
          "-Dminecraft.launcher.version=${launcher_version}"
        ]
      },
      {
        "values": [
          "-cp"
        ]
      },
      {
        "values": [
          "${classpath}"
        ]
      },
      {
        "values": [
          "-DFabricMcEmu= net.minecraft.client.main.Main "
        ]
      }
    ]
  },
  "assets": "17",
  "libraries": [
    {
      "name": "org.ow2.asm:asm:9.6",
      "url": "https://maven.fabricmc.net/"
    },
    {
      "name": "org.ow2.asm:asm-analysis:9.6",
      "url": "https://maven.fabricmc.net/"
    },
    {
      "name": "org.ow2.asm:asm-commons:9.6",
      "url": "https://maven.fabricmc.net/"
    },
    {
      "name": "org.ow2.asm:asm-tree:9.6",
      "url": "https://maven.fabricmc.net/"
    },
    {
      "name": "org.ow2.asm:asm-util:9.6",
      "url": "https://maven.fabricmc.net/"
    },
    {
      "name": "net.fabricmc:sponge-mixin:0.15.0+mixin.0.8.7",
      "url": "https://maven.fabricmc.net/"
    },
    {
      "name": "net.fabricmc:intermediary:1.21",
      "url": "https://maven.fabricmc.net/"
    },
    {
      "name": "net.fabricmc:fabric-loader:0.16.0",
      "url": "https://maven.fabricmc.net/"
    },
    {
      "name": "ca.weblite:java-objc-bridge:1.1",
      "rules": [
        {
          "action": "allow",
          "os": {
            "name": "osx"
          }
        }
      ],
      "artifact": {
        "sha1": "1227f9e0666314f9de41477e3ec277e542ed7f7b",
        "size": 1330045,
        "path": "ca/weblite/java-objc-bridge/1.1/java-objc-bridge-1.1.jar",
        "url": "https://libraries.minecraft.net/ca/weblite/java-objc-bridge/1.1/java-objc-bridge-1.1.jar"
      }
    },
    {
      "name": "com.github.oshi:oshi-core:6.4.10",
      "artifact": {
        "sha1": "b1d8ab82d11d92fd639b56d639f8f46f739dd5fa",
        "size": 979212,
        "path": "com/github/oshi/oshi-core/6.4.10/oshi-core-6.4.10.jar",
        "url": "https://libraries.minecraft.net/com/github/oshi/oshi-core/6.4.10/oshi-core-6.4.10.jar"
      }
    },
    {
      "name": "com.google.code.gson:gson:2.10.1",
      "artifact": {
        "sha1": "b3add478d4382b78ea20b1671390a858002feb6c",
        "size": 283367,
        "path": "com/google/code/gson/gson/2.10.1/gson-2.10.1.jar",
        "url": "https://libraries.minecraft.net/com/google/code/gson/gson/2.10.1/gson-2.10.1.jar"
      }
    },
    {
      "name": "com.google.guava:failureaccess:1.0.1",
      "artifact": {
        "sha1": "1dcf1de382a0bf95a3d8b0849546c88bac1292c9",
        "size": 4617,
        "path": "com/google/guava/failureaccess/1.0.1/failureaccess-1.0.1.jar",
        "url": "https://libraries.minecraft.net/com/google/guava/failureaccess/1.0.1/failureaccess-1.0.1.jar"
      }
    },
    {
      "name": "com.google.guava:guava:32.1.2-jre",
      "artifact": {
        "sha1": "5e64ec7e056456bef3a4bc4c6fdaef71e8ab6318",
        "size": 3041591,
        "path": "com/google/guava/guava/32.1.2-jre/guava-32.1.2-jre.jar",
        "url": "https://libraries.minecraft.net/com/google/guava/guava/32.1.2-jre/guava-32.1.2-jre.jar"
      }
    },
    {
      "name": "com.ibm.icu:icu4j:73.2",
      "artifact": {
        "sha1": "61ad4ef7f9131fcf6d25c34b817f90d6da06c9e9",
        "size": 14567819,
        "path": "com/ibm/icu/icu4j/73.2/icu4j-73.2.jar",
        "url": "https://libraries.minecraft.net/com/ibm/icu/icu4j/73.2/icu4j-73.2.jar"
      }
    },
    {
      "name": "com.mojang:authlib:6.0.54",
      "artifact": {
        "sha1": "de8bc95660e1b2fe8793fd427a7a10dcec5b3ea7",
        "size": 115242,
        "path": "com/mojang/authlib/6.0.54/authlib-6.0.54.jar",
        "url": "https://libraries.minecraft.net/com/mojang/authlib/6.0.54/authlib-6.0.54.jar"
      }
    },
    {
      "name": "com.mojang:blocklist:1.0.10",
      "artifact": {
        "sha1": "5c685c5ffa94c4cd39496c7184c1d122e515ecef",
        "size": 964,
        "path": "com/mojang/blocklist/1.0.10/blocklist-1.0.10.jar",
        "url": "https://libraries.minecraft.net/com/mojang/blocklist/1.0.10/blocklist-1.0.10.jar"
      }
    },
    {
      "name": "com.mojang:brigadier:1.2.9",
      "artifact": {
        "sha1": "73e324f2ee541493a5179abf367237faa782ed21",
        "size": 79955,
        "path": "com/mojang/brigadier/1.2.9/brigadier-1.2.9.jar",
        "url": "https://libraries.minecraft.net/com/mojang/brigadier/1.2.9/brigadier-1.2.9.jar"
      }
    },
    {
      "name": "com.mojang:datafixerupper:8.0.16",
      "artifact": {
        "sha1": "67d4de6d7f95d89bcf5862995fb854ebaec02a34",
        "size": 724313,
        "path": "com/mojang/datafixerupper/8.0.16/datafixerupper-8.0.16.jar",
        "url": "https://libraries.minecraft.net/com/mojang/datafixerupper/8.0.16/datafixerupper-8.0.16.jar"
      }
    },
    {
      "name": "com.mojang:logging:1.2.7",
      "artifact": {
        "sha1": "24cb95ffb0e3433fd6e844c04e68009e504ca1c0",
        "size": 15343,
        "path": "com/mojang/logging/1.2.7/logging-1.2.7.jar",
        "url": "https://libraries.minecraft.net/com/mojang/logging/1.2.7/logging-1.2.7.jar"
      }
    },
    {
      "name": "com.mojang:patchy:2.2.10",
      "artifact": {
        "sha1": "da05971b07cbb379d002cf7eaec6a2048211fefc",
        "size": 4439,
        "path": "com/mojang/patchy/2.2.10/patchy-2.2.10.jar",
        "url": "https://libraries.minecraft.net/com/mojang/patchy/2.2.10/patchy-2.2.10.jar"
      }
    },
    {
      "name": "com.mojang:text2speech:1.17.9",
      "artifact": {
        "sha1": "3cad216e3a7f0c19b4b394388bc9ffc446f13b14",
        "size": 12243,
        "path": "com/mojang/text2speech/1.17.9/text2speech-1.17.9.jar",
        "url": "https://libraries.minecraft.net/com/mojang/text2speech/1.17.9/text2speech-1.17.9.jar"
      }
    },
    {
      "name": "commons-codec:commons-codec:1.16.0",
      "artifact": {
        "sha1": "4e3eb3d79888d76b54e28b350915b5dc3919c9de",
        "size": 360738,
        "path": "commons-codec/commons-codec/1.16.0/commons-codec-1.16.0.jar",
        "url": "https://libraries.minecraft.net/commons-codec/commons-codec/1.16.0/commons-codec-1.16.0.jar"
      }
    },
    {
      "name": "commons-io:commons-io:2.15.1",
      "artifact": {
        "sha1": "f11560da189ab563a5c8e351941415430e9304ea",
        "size": 501218,
        "path": "commons-io/commons-io/2.15.1/commons-io-2.15.1.jar",
        "url": "https://libraries.minecraft.net/commons-io/commons-io/2.15.1/commons-io-2.15.1.jar"
      }
    },
    {
      "name": "commons-logging:commons-logging:1.2",
      "artifact": {
        "sha1": "4bfc12adfe4842bf07b657f0369c4cb522955686",
        "size": 61829,
        "path": "commons-logging/commons-logging/1.2/commons-logging-1.2.jar",
        "url": "https://libraries.minecraft.net/commons-logging/commons-logging/1.2/commons-logging-1.2.jar"
      }
    },
    {
      "name": "io.netty:netty-buffer:4.1.97.Final",
      "artifact": {
        "sha1": "f8f3d8644afa5e6e1a40a3a6aeb9d9aa970ecb4f",
        "size": 306590,
        "path": "io/netty/netty-buffer/4.1.97.Final/netty-buffer-4.1.97.Final.jar",
        "url": "https://libraries.minecraft.net/io/netty/netty-buffer/4.1.97.Final/netty-buffer-4.1.97.Final.jar"
      }
    },
    {
      "name": "io.netty:netty-codec:4.1.97.Final",
      "artifact": {
        "sha1": "384ba4d75670befbedb45c4d3b497a93639c206d",
        "size": 345274,
        "path": "io/netty/netty-codec/4.1.97.Final/netty-codec-4.1.97.Final.jar",
        "url": "https://libraries.minecraft.net/io/netty/netty-codec/4.1.97.Final/netty-codec-4.1.97.Final.jar"
      }
    },
    {
      "name": "io.netty:netty-common:4.1.97.Final",
      "artifact": {
        "sha1": "7cceacaf11df8dc63f23d0fb58e9d4640fc88404",
        "size": 659930,
        "path": "io/netty/netty-common/4.1.97.Final/netty-common-4.1.97.Final.jar",
        "url": "https://libraries.minecraft.net/io/netty/netty-common/4.1.97.Final/netty-common-4.1.97.Final.jar"
      }
    },
    {
      "name": "io.netty:netty-handler:4.1.97.Final",
      "artifact": {
        "sha1": "abb86c6906bf512bf2b797a41cd7d2e8d3cd7c36",
        "size": 560040,
        "path": "io/netty/netty-handler/4.1.97.Final/netty-handler-4.1.97.Final.jar",
        "url": "https://libraries.minecraft.net/io/netty/netty-handler/4.1.97.Final/netty-handler-4.1.97.Final.jar"
      }
    },
    {
      "name": "io.netty:netty-resolver:4.1.97.Final",
      "artifact": {
        "sha1": "cec8348108dc76c47cf87c669d514be52c922144",
        "size": 37792,
        "path": "io/netty/netty-resolver/4.1.97.Final/netty-resolver-4.1.97.Final.jar",
        "url": "https://libraries.minecraft.net/io/netty/netty-resolver/4.1.97.Final/netty-resolver-4.1.97.Final.jar"
      }
    },
    {
      "name": "io.netty:netty-transport-classes-epoll:4.1.97.Final",
      "artifact": {
        "sha1": "795da37ded759e862457a82d9d92c4d39ce8ecee",
        "size": 147139,
        "path": "io/netty/netty-transport-classes-epoll/4.1.97.Final/netty-transport-classes-epoll-4.1.97.Final.jar",
        "url": "https://libraries.minecraft.net/io/netty/netty-transport-classes-epoll/4.1.97.Final/netty-transport-classes-epoll-4.1.97.Final.jar"
      }
    },
    {
      "name": "io.netty:netty-transport-native-epoll:4.1.97.Final:linux-aarch_64",
      "rules": [
        {
          "action": "allow",
          "os": {
            "name": "linux"
          }
        }
      ],
      "artifact": {
        "sha1": "5514744c588190ffda076b35a9b8c9f24946a960",
        "size": 40427,
        "path": "io/netty/netty-transport-native-epoll/4.1.97.Final/netty-transport-native-epoll-4.1.97.Final-linux-aarch_64.jar",
        "url": "https://libraries.minecraft.net/io/netty/netty-transport-native-epoll/4.1.97.Final/netty-transport-native-epoll-4.1.97.Final-linux-aarch_64.jar"
      }
    },
    {
      "name": "io.netty:netty-transport-native-epoll:4.1.97.Final:linux-x86_64",
      "rules": [
        {
          "action": "allow",
          "os": {
            "name": "linux"
          }
        }
      ],
      "artifact": {
        "sha1": "54188f271e388e7f313aea995e82f58ce2cdb809",
        "size": 38954,
        "path": "io/netty/netty-transport-native-epoll/4.1.97.Final/netty-transport-native-epoll-4.1.97.Final-linux-x86_64.jar",
        "url": "https://libraries.minecraft.net/io/netty/netty-transport-native-epoll/4.1.97.Final/netty-transport-native-epoll-4.1.97.Final-linux-x86_64.jar"
      }
    },
    {
      "name": "io.netty:netty-transport-native-unix-common:4.1.97.Final",
      "artifact": {
        "sha1": "d469d84265ab70095b01b40886cabdd433b6e664",
        "size": 43897,
        "path": "io/netty/netty-transport-native-unix-common/4.1.97.Final/netty-transport-native-unix-common-4.1.97.Final.jar",
        "url": "https://libraries.minecraft.net/io/netty/netty-transport-native-unix-common/4.1.97.Final/netty-transport-native-unix-common-4.1.97.Final.jar"
      }
    },
    {
      "name": "io.netty:netty-transport:4.1.97.Final",
      "artifact": {
        "sha1": "f37380d23c9bb079bc702910833b2fd532c9abd0",
        "size": 489624,
        "path": "io/netty/netty-transport/4.1.97.Final/netty-transport-4.1.97.Final.jar",
        "url": "https://libraries.minecraft.net/io/netty/netty-transport/4.1.97.Final/netty-transport-4.1.97.Final.jar"
      }
    },
    {
      "name": "it.unimi.dsi:fastutil:8.5.12",
      "artifact": {
        "sha1": "c24946d46824bd528054bface3231d2ecb7e95e8",
        "size": 23326598,
        "path": "it/unimi/dsi/fastutil/8.5.12/fastutil-8.5.12.jar",
        "url": "https://libraries.minecraft.net/it/unimi/dsi/fastutil/8.5.12/fastutil-8.5.12.jar"
      }
    },
    {
      "name": "net.java.dev.jna:jna-platform:5.14.0",
      "artifact": {
        "sha1": "28934d48aed814f11e4c584da55c49fa7032b31b",
        "size": 1369287,
        "path": "net/java/dev/jna/jna-platform/5.14.0/jna-platform-5.14.0.jar",
        "url": "https://libraries.minecraft.net/net/java/dev/jna/jna-platform/5.14.0/jna-platform-5.14.0.jar"
      }
    },
    {
      "name": "net.java.dev.jna:jna:5.14.0",
      "artifact": {
        "sha1": "67bf3eaea4f0718cb376a181a629e5f88fa1c9dd",
        "size": 1878533,
        "path": "net/java/dev/jna/jna/5.14.0/jna-5.14.0.jar",
        "url": "https://libraries.minecraft.net/net/java/dev/jna/jna/5.14.0/jna-5.14.0.jar"
      }
    },
    {
      "name": "net.sf.jopt-simple:jopt-simple:5.0.4",
      "artifact": {
        "sha1": "4fdac2fbe92dfad86aa6e9301736f6b4342a3f5c",
        "size": 78146,
        "path": "net/sf/jopt-simple/jopt-simple/5.0.4/jopt-simple-5.0.4.jar",
        "url": "https://libraries.minecraft.net/net/sf/jopt-simple/jopt-simple/5.0.4/jopt-simple-5.0.4.jar"
      }
    },
    {
      "name": "org.apache.commons:commons-compress:1.26.0",
      "artifact": {
        "sha1": "659feffdd12280201c8aacb8f7be94f9a883c824",
        "size": 1078328,
        "path": "org/apache/commons/commons-compress/1.26.0/commons-compress-1.26.0.jar",
        "url": "https://libraries.minecraft.net/org/apache/commons/commons-compress/1.26.0/commons-compress-1.26.0.jar"
      }
    },
    {
      "name": "org.apache.commons:commons-lang3:3.14.0",
      "artifact": {
        "sha1": "1ed471194b02f2c6cb734a0cd6f6f107c673afae",
        "size": 657952,
        "path": "org/apache/commons/commons-lang3/3.14.0/commons-lang3-3.14.0.jar",
        "url": "https://libraries.minecraft.net/org/apache/commons/commons-lang3/3.14.0/commons-lang3-3.14.0.jar"
      }
    },
    {
      "name": "org.apache.httpcomponents:httpclient:4.5.13",
      "artifact": {
        "sha1": "e5f6cae5ca7ecaac1ec2827a9e2d65ae2869cada",
        "size": 780321,
        "path": "org/apache/httpcomponents/httpclient/4.5.13/httpclient-4.5.13.jar",
        "url": "https://libraries.minecraft.net/org/apache/httpcomponents/httpclient/4.5.13/httpclient-4.5.13.jar"
      }
    },
    {
      "name": "org.apache.httpcomponents:httpcore:4.4.16",
      "artifact": {
        "sha1": "51cf043c87253c9f58b539c9f7e44c8894223850",
        "size": 327891,
        "path": "org/apache/httpcomponents/httpcore/4.4.16/httpcore-4.4.16.jar",
        "url": "https://libraries.minecraft.net/org/apache/httpcomponents/httpcore/4.4.16/httpcore-4.4.16.jar"
      }
    },
    {
      "name": "org.apache.logging.log4j:log4j-api:2.22.1",
      "artifact": {
        "sha1": "bea6fede6328fabafd7e68363161a7ea6605abd1",
        "size": 335001,
        "path": "org/apache/logging/log4j/log4j-api/2.22.1/log4j-api-2.22.1.jar",
        "url": "https://libraries.minecraft.net/org/apache/logging/log4j/log4j-api/2.22.1/log4j-api-2.22.1.jar"
      }
    },
    {
      "name": "org.apache.logging.log4j:log4j-core:2.22.1",
      "artifact": {
        "sha1": "7183a25510a02ad00cc6a95d3b3d2a7d3c5a8dc4",
        "size": 1900022,
        "path": "org/apache/logging/log4j/log4j-core/2.22.1/log4j-core-2.22.1.jar",
        "url": "https://libraries.minecraft.net/org/apache/logging/log4j/log4j-core/2.22.1/log4j-core-2.22.1.jar"
      }
    },
    {
      "name": "org.apache.logging.log4j:log4j-slf4j2-impl:2.22.1",
      "artifact": {
        "sha1": "d7e6693c2606cb7e7335047d7bb96dec52db5665",
        "size": 27364,
        "path": "org/apache/logging/log4j/log4j-slf4j2-impl/2.22.1/log4j-slf4j2-impl-2.22.1.jar",
        "url": "https://libraries.minecraft.net/org/apache/logging/log4j/log4j-slf4j2-impl/2.22.1/log4j-slf4j2-impl-2.22.1.jar"
      }
    },
    {
      "name": "org.jcraft:jorbis:0.0.17",
      "artifact": {
        "sha1": "8872d22b293e8f5d7d56ff92be966e6dc28ebdc6",
        "size": 99701,
        "path": "org/jcraft/jorbis/0.0.17/jorbis-0.0.17.jar",
        "url": "https://libraries.minecraft.net/org/jcraft/jorbis/0.0.17/jorbis-0.0.17.jar"
      }
    },
    {
      "name": "org.joml:joml:1.10.5",
      "artifact": {
        "sha1": "22566d58af70ad3d72308bab63b8339906deb649",
        "size": 712082,
        "path": "org/joml/joml/1.10.5/joml-1.10.5.jar",
        "url": "https://libraries.minecraft.net/org/joml/joml/1.10.5/joml-1.10.5.jar"
      }
    },
    {
      "name": "org.lwjgl:lwjgl-freetype:3.3.3",
      "artifact": {
        "sha1": "a0db6c84a8becc8ca05f9dbfa985edc348a824c7",
        "size": 450896,
        "path": "org/lwjgl/lwjgl-freetype/3.3.3/lwjgl-freetype-3.3.3.jar",
        "url": "https://libraries.minecraft.net/org/lwjgl/lwjgl-freetype/3.3.3/lwjgl-freetype-3.3.3.jar"
      }
    },
    {
      "name": "org.lwjgl:lwjgl-freetype:3.3.3:natives-linux",
      "rules": [
        {
          "action": "allow",
          "os": {
            "name": "linux"
          }
        }
      ],
      "artifact": {
        "sha1": "149070a5480900347071b7074779531f25a6e3dc",
        "size": 1245129,
        "path": "org/lwjgl/lwjgl-freetype/3.3.3/lwjgl-freetype-3.3.3-natives-linux.jar",
        "url": "https://libraries.minecraft.net/org/lwjgl/lwjgl-freetype/3.3.3/lwjgl-freetype-3.3.3-natives-linux.jar"
      }
    },
    {
      "name": "org.lwjgl:lwjgl-freetype:3.3.3:natives-macos-arm64",
      "rules": [
        {
          "action": "allow",
          "os": {
            "name": "osx"
          }
        }
      ],
      "artifact": {
        "sha1": "b0a8c9baa9d1f54ac61e1ab9640c7659e7fa700c",
        "size": 1040981,
        "path": "org/lwjgl/lwjgl-freetype/3.3.3/lwjgl-freetype-3.3.3-natives-macos-arm64.jar",
        "url": "https://libraries.minecraft.net/org/lwjgl/lwjgl-freetype/3.3.3/lwjgl-freetype-3.3.3-natives-macos-arm64.jar"
      }
    },
    {
      "name": "org.lwjgl:lwjgl-freetype:3.3.3:natives-macos-patch",
      "rules": [
        {
          "action": "allow",
          "os": {
            "name": "osx"
          }
        }
      ],
      "artifact": {
        "sha1": "806d869f37ce0df388a24e17aaaf5ca0894d851b",
        "size": 1071983,
        "path": "org/lwjgl/lwjgl-freetype/3.3.3/lwjgl-freetype-3.3.3-natives-macos-patch.jar",
        "url": "https://libraries.minecraft.net/org/lwjgl/lwjgl-freetype/3.3.3/lwjgl-freetype-3.3.3-natives-macos-patch.jar"
      }
    },
    {
      "name": "org.lwjgl:lwjgl-freetype:3.3.3:natives-windows",
      "rules": [
        {
          "action": "allow",
          "os": {
            "name": "windows"
          }
        }
      ],
      "artifact": {
        "sha1": "81091b006dbb43fab04c8c638e9ac87c51b4096d",
        "size": 1035586,
        "path": "org/lwjgl/lwjgl-freetype/3.3.3/lwjgl-freetype-3.3.3-natives-windows.jar",
        "url": "https://libraries.minecraft.net/org/lwjgl/lwjgl-freetype/3.3.3/lwjgl-freetype-3.3.3-natives-windows.jar"
      }
    },
    {
      "name": "org.lwjgl:lwjgl-freetype:3.3.3:natives-windows-arm64",
      "rules": [
        {
          "action": "allow",
          "os": {
            "name": "windows"
          }
        }
      ],
      "artifact": {
        "sha1": "82028265a0a2ff33523ca75137ada7dc176e5210",
        "size": 886068,
        "path": "org/lwjgl/lwjgl-freetype/3.3.3/lwjgl-freetype-3.3.3-natives-windows-arm64.jar",
        "url": "https://libraries.minecraft.net/org/lwjgl/lwjgl-freetype/3.3.3/lwjgl-freetype-3.3.3-natives-windows-arm64.jar"
      }
    },
    {
      "name": "org.lwjgl:lwjgl-freetype:3.3.3:natives-windows-x86",
      "rules": [
        {
          "action": "allow",
          "os": {
            "name": "windows"
          }
        }
      ],
      "artifact": {
        "sha1": "15a8c1de7f51d07a92eae7ce1222557073a0c0c3",
        "size": 877480,
        "path": "org/lwjgl/lwjgl-freetype/3.3.3/lwjgl-freetype-3.3.3-natives-windows-x86.jar",
        "url": "https://libraries.minecraft.net/org/lwjgl/lwjgl-freetype/3.3.3/lwjgl-freetype-3.3.3-natives-windows-x86.jar"
      }
    },
    {
      "name": "org.lwjgl:lwjgl-glfw:3.3.3",
      "artifact": {
        "sha1": "efa1eb78c5ccd840e9f329717109b5e892d72f8e",
        "size": 135546,
        "path": "org/lwjgl/lwjgl-glfw/3.3.3/lwjgl-glfw-3.3.3.jar",
        "url": "https://libraries.minecraft.net/org/lwjgl/lwjgl-glfw/3.3.3/lwjgl-glfw-3.3.3.jar"
      }
    },
    {
      "name": "org.lwjgl:lwjgl-glfw:3.3.3:natives-linux",
      "rules": [
        {
          "action": "allow",
          "os": {
            "name": "linux"
          }
        }
      ],
      "artifact": {
        "sha1": "a03684c5e4b1b1dbbe0d29dbbdc27b985b6840f2",
        "size": 118478,
        "path": "org/lwjgl/lwjgl-glfw/3.3.3/lwjgl-glfw-3.3.3-natives-linux.jar",
        "url": "https://libraries.minecraft.net/org/lwjgl/lwjgl-glfw/3.3.3/lwjgl-glfw-3.3.3-natives-linux.jar"
      }
    },
    {
      "name": "org.lwjgl:lwjgl-glfw:3.3.3:natives-macos",
      "rules": [
        {
          "action": "allow",
          "os": {
            "name": "osx"
          }
        }
      ],
      "artifact": {
        "sha1": "a1bf400f6bc64e6195596cb1430dafda46090751",
        "size": 140884,
        "path": "org/lwjgl/lwjgl-glfw/3.3.3/lwjgl-glfw-3.3.3-natives-macos.jar",
        "url": "https://libraries.minecraft.net/org/lwjgl/lwjgl-glfw/3.3.3/lwjgl-glfw-3.3.3-natives-macos.jar"
      }
    },
    {
      "name": "org.lwjgl:lwjgl-glfw:3.3.3:natives-macos-arm64",
      "rules": [
        {
          "action": "allow",
          "os": {
            "name": "osx"
          }
        }
      ],
      "artifact": {
        "sha1": "ee8cc78d0a4a5b3b4600fade6d927c9fc320c858",
        "size": 138288,
        "path": "org/lwjgl/lwjgl-glfw/3.3.3/lwjgl-glfw-3.3.3-natives-macos-arm64.jar",
        "url": "https://libraries.minecraft.net/org/lwjgl/lwjgl-glfw/3.3.3/lwjgl-glfw-3.3.3-natives-macos-arm64.jar"
      }
    },
    {
      "name": "org.lwjgl:lwjgl-glfw:3.3.3:natives-windows",
      "rules": [
        {
          "action": "allow",
          "os": {
            "name": "windows"
          }
        }
      ],
      "artifact": {
        "sha1": "e449e28b4891fc423c54c85fbc5bb0b9efece67a",
        "size": 166368,
        "path": "org/lwjgl/lwjgl-glfw/3.3.3/lwjgl-glfw-3.3.3-natives-windows.jar",
        "url": "https://libraries.minecraft.net/org/lwjgl/lwjgl-glfw/3.3.3/lwjgl-glfw-3.3.3-natives-windows.jar"
      }
    },
    {
      "name": "org.lwjgl:lwjgl-glfw:3.3.3:natives-windows-arm64",
      "rules": [
        {
          "action": "allow",
          "os": {
            "name": "windows"
          }
        }
      ],
      "artifact": {
        "sha1": "f27018dc74f6289574502b46cce55d52817554e2",
        "size": 141970,
        "path": "org/lwjgl/lwjgl-glfw/3.3.3/lwjgl-glfw-3.3.3-natives-windows-arm64.jar",
        "url": "https://libraries.minecraft.net/org/lwjgl/lwjgl-glfw/3.3.3/lwjgl-glfw-3.3.3-natives-windows-arm64.jar"
      }
    },
    {
      "name": "org.lwjgl:lwjgl-glfw:3.3.3:natives-windows-x86",
      "rules": [
        {
          "action": "allow",
          "os": {
            "name": "windows"
          }
        }
      ],
      "artifact": {
        "sha1": "32334f3fd5270a59bad9939a93115acb6de36dcf",
        "size": 157123,
        "path": "org/lwjgl/lwjgl-glfw/3.3.3/lwjgl-glfw-3.3.3-natives-windows-x86.jar",
        "url": "https://libraries.minecraft.net/org/lwjgl/lwjgl-glfw/3.3.3/lwjgl-glfw-3.3.3-natives-windows-x86.jar"
      }
    },
    {
      "name": "org.lwjgl:lwjgl-jemalloc:3.3.3",
      "artifact": {
        "sha1": "b543467b7ff3c6920539a88ee602d34098628be5",
        "size": 43896,
        "path": "org/lwjgl/lwjgl-jemalloc/3.3.3/lwjgl-jemalloc-3.3.3.jar",
        "url": "https://libraries.minecraft.net/org/lwjgl/lwjgl-jemalloc/3.3.3/lwjgl-jemalloc-3.3.3.jar"
      }
    },
    {
      "name": "org.lwjgl:lwjgl-jemalloc:3.3.3:natives-linux",
      "rules": [
        {
          "action": "allow",
          "os": {
            "name": "linux"
          }
        }
      ],
      "artifact": {
        "sha1": "4f86728bf449b1dd61251c4e0ac01df1389cb51e",
        "size": 206779,
        "path": "org/lwjgl/lwjgl-jemalloc/3.3.3/lwjgl-jemalloc-3.3.3-natives-linux.jar",
        "url": "https://libraries.minecraft.net/org/lwjgl/lwjgl-jemalloc/3.3.3/lwjgl-jemalloc-3.3.3-natives-linux.jar"
      }
    },
    {
      "name": "org.lwjgl:lwjgl-jemalloc:3.3.3:natives-macos",
      "rules": [
        {
          "action": "allow",
          "os": {
            "name": "osx"
          }
        }
      ],
      "artifact": {
        "sha1": "2906637657a57579847238c9c72d2c4bde7083f8",
        "size": 153131,
        "path": "org/lwjgl/lwjgl-jemalloc/3.3.3/lwjgl-jemalloc-3.3.3-natives-macos.jar",
        "url": "https://libraries.minecraft.net/org/lwjgl/lwjgl-jemalloc/3.3.3/lwjgl-jemalloc-3.3.3-natives-macos.jar"
      }
    },
    {
      "name": "org.lwjgl:lwjgl-jemalloc:3.3.3:natives-macos-arm64",
      "rules": [
        {
          "action": "allow",
          "os": {
            "name": "osx"
          }
        }
      ],
      "artifact": {
        "sha1": "e9412c3ff8cb3a3bad1d3f52909ad74d8a5bdad1",
        "size": 141418,
        "path": "org/lwjgl/lwjgl-jemalloc/3.3.3/lwjgl-jemalloc-3.3.3-natives-macos-arm64.jar",
        "url": "https://libraries.minecraft.net/org/lwjgl/lwjgl-jemalloc/3.3.3/lwjgl-jemalloc-3.3.3-natives-macos-arm64.jar"
      }
    },
    {
      "name": "org.lwjgl:lwjgl-jemalloc:3.3.3:natives-windows",
      "rules": [
        {
          "action": "allow",
          "os": {
            "name": "windows"
          }
        }
      ],
      "artifact": {
        "sha1": "426222fc027602a5f21b9c0fe79cde6a4c7a011f",
        "size": 180344,
        "path": "org/lwjgl/lwjgl-jemalloc/3.3.3/lwjgl-jemalloc-3.3.3-natives-windows.jar",
        "url": "https://libraries.minecraft.net/org/lwjgl/lwjgl-jemalloc/3.3.3/lwjgl-jemalloc-3.3.3-natives-windows.jar"
      }
    },
    {
      "name": "org.lwjgl:lwjgl-jemalloc:3.3.3:natives-windows-arm64",
      "rules": [
        {
          "action": "allow",
          "os": {
            "name": "windows"
          }
        }
      ],
      "artifact": {
        "sha1": "ba1f3fed0ee4be0217eaa41c5bbfb4b9b1383c33",
        "size": 154415,
        "path": "org/lwjgl/lwjgl-jemalloc/3.3.3/lwjgl-jemalloc-3.3.3-natives-windows-arm64.jar",
        "url": "https://libraries.minecraft.net/org/lwjgl/lwjgl-jemalloc/3.3.3/lwjgl-jemalloc-3.3.3-natives-windows-arm64.jar"
      }
    },
    {
      "name": "org.lwjgl:lwjgl-jemalloc:3.3.3:natives-windows-x86",
      "rules": [
        {
          "action": "allow",
          "os": {
            "name": "windows"
          }
        }
      ],
      "artifact": {
        "sha1": "f6063b6e0f23be483c5c88d84ce51b39dc69126c",
        "size": 148612,
        "path": "org/lwjgl/lwjgl-jemalloc/3.3.3/lwjgl-jemalloc-3.3.3-natives-windows-x86.jar",
        "url": "https://libraries.minecraft.net/org/lwjgl/lwjgl-jemalloc/3.3.3/lwjgl-jemalloc-3.3.3-natives-windows-x86.jar"
      }
    },
    {
      "name": "org.lwjgl:lwjgl-openal:3.3.3",
      "artifact": {
        "sha1": "daada81ceb5fc0c291fbfdd4433cb8d9423577f2",
        "size": 110586,
        "path": "org/lwjgl/lwjgl-openal/3.3.3/lwjgl-openal-3.3.3.jar",
        "url": "https://libraries.minecraft.net/org/lwjgl/lwjgl-openal/3.3.3/lwjgl-openal-3.3.3.jar"
      }
    },
    {
      "name": "org.lwjgl:lwjgl-openal:3.3.3:natives-linux",
      "rules": [
        {
          "action": "allow",
          "os": {
            "name": "linux"
          }
        }
      ],
      "artifact": {
        "sha1": "3037360cc4595079bea240af250b6d1a527e0905",
        "size": 573224,
        "path": "org/lwjgl/lwjgl-openal/3.3.3/lwjgl-openal-3.3.3-natives-linux.jar",
        "url": "https://libraries.minecraft.net/org/lwjgl/lwjgl-openal/3.3.3/lwjgl-openal-3.3.3-natives-linux.jar"
      }
    },
    {
      "name": "org.lwjgl:lwjgl-openal:3.3.3:natives-macos",
      "rules": [
        {
          "action": "allow",
          "os": {
            "name": "osx"
          }
        }
      ],
      "artifact": {
        "sha1": "8df8338bfa77f2ebabef4e58964bd04d24805cbf",
        "size": 519824,
        "path": "org/lwjgl/lwjgl-openal/3.3.3/lwjgl-openal-3.3.3-natives-macos.jar",
        "url": "https://libraries.minecraft.net/org/lwjgl/lwjgl-openal/3.3.3/lwjgl-openal-3.3.3-natives-macos.jar"
      }
    },
    {
      "name": "org.lwjgl:lwjgl-openal:3.3.3:natives-macos-arm64",
      "rules": [
        {
          "action": "allow",
          "os": {
            "name": "osx"
          }
        }
      ],
      "artifact": {
        "sha1": "0c78b078de2fb52f45aa55d04db889a560f3544f",
        "size": 471012,
        "path": "org/lwjgl/lwjgl-openal/3.3.3/lwjgl-openal-3.3.3-natives-macos-arm64.jar",
        "url": "https://libraries.minecraft.net/org/lwjgl/lwjgl-openal/3.3.3/lwjgl-openal-3.3.3-natives-macos-arm64.jar"
      }
    },
    {
      "name": "org.lwjgl:lwjgl-openal:3.3.3:natives-windows",
      "rules": [
        {
          "action": "allow",
          "os": {
            "name": "windows"
          }
        }
      ],
      "artifact": {
        "sha1": "cf83862ae95d98496b26915024c7e666d8ab1c8f",
        "size": 698720,
        "path": "org/lwjgl/lwjgl-openal/3.3.3/lwjgl-openal-3.3.3-natives-windows.jar",
        "url": "https://libraries.minecraft.net/org/lwjgl/lwjgl-openal/3.3.3/lwjgl-openal-3.3.3-natives-windows.jar"
      }
    },
    {
      "name": "org.lwjgl:lwjgl-openal:3.3.3:natives-windows-arm64",
      "rules": [
        {
          "action": "allow",
          "os": {
            "name": "windows"
          }
        }
      ],
      "artifact": {
        "sha1": "8e0615235116b9e4160dfe87bec90f5f6378bf72",
        "size": 630410,
        "path": "org/lwjgl/lwjgl-openal/3.3.3/lwjgl-openal-3.3.3-natives-windows-arm64.jar",
        "url": "https://libraries.minecraft.net/org/lwjgl/lwjgl-openal/3.3.3/lwjgl-openal-3.3.3-natives-windows-arm64.jar"
      }
    },
    {
      "name": "org.lwjgl:lwjgl-openal:3.3.3:natives-windows-x86",
      "rules": [
        {
          "action": "allow",
          "os": {
            "name": "windows"
          }
        }
      ],
      "artifact": {
        "sha1": "87b8d5050e3adb46bb58fe1cb2669a4a48fce10d",
        "size": 638424,
        "path": "org/lwjgl/lwjgl-openal/3.3.3/lwjgl-openal-3.3.3-natives-windows-x86.jar",
        "url": "https://libraries.minecraft.net/org/lwjgl/lwjgl-openal/3.3.3/lwjgl-openal-3.3.3-natives-windows-x86.jar"
      }
    },
    {
      "name": "org.lwjgl:lwjgl-opengl:3.3.3",
      "artifact": {
        "sha1": "02f6b0147078396a58979125a4c947664e98293a",
        "size": 929192,
        "path": "org/lwjgl/lwjgl-opengl/3.3.3/lwjgl-opengl-3.3.3.jar",
        "url": "https://libraries.minecraft.net/org/lwjgl/lwjgl-opengl/3.3.3/lwjgl-opengl-3.3.3.jar"
      }
    },
    {
      "name": "org.lwjgl:lwjgl-opengl:3.3.3:natives-linux",
      "rules": [
        {
          "action": "allow",
          "os": {
            "name": "linux"
          }
        }
      ],
      "artifact": {
        "sha1": "62c70a4b00ca5391882b0f4b787c1588d24f1c86",
        "size": 80463,
        "path": "org/lwjgl/lwjgl-opengl/3.3.3/lwjgl-opengl-3.3.3-natives-linux.jar",
        "url": "https://libraries.minecraft.net/org/lwjgl/lwjgl-opengl/3.3.3/lwjgl-opengl-3.3.3-natives-linux.jar"
      }
    },
    {
      "name": "org.lwjgl:lwjgl-opengl:3.3.3:natives-macos",
      "rules": [
        {
          "action": "allow",
          "os": {
            "name": "osx"
          }
        }
      ],
      "artifact": {
        "sha1": "1bd45997551ae8a28469f3a2b678f4b7289e12c0",
        "size": 41484,
        "path": "org/lwjgl/lwjgl-opengl/3.3.3/lwjgl-opengl-3.3.3-natives-macos.jar",
        "url": "https://libraries.minecraft.net/org/lwjgl/lwjgl-opengl/3.3.3/lwjgl-opengl-3.3.3-natives-macos.jar"
      }
    },
    {
      "name": "org.lwjgl:lwjgl-opengl:3.3.3:natives-macos-arm64",
      "rules": [
        {
          "action": "allow",
          "os": {
            "name": "osx"
          }
        }
      ],
      "artifact": {
        "sha1": "d213ddef27637b1af87961ffa94d6b27036becc8",
        "size": 42487,
        "path": "org/lwjgl/lwjgl-opengl/3.3.3/lwjgl-opengl-3.3.3-natives-macos-arm64.jar",
        "url": "https://libraries.minecraft.net/org/lwjgl/lwjgl-opengl/3.3.3/lwjgl-opengl-3.3.3-natives-macos-arm64.jar"
      }
    },
    {
      "name": "org.lwjgl:lwjgl-opengl:3.3.3:natives-windows",
      "rules": [
        {
          "action": "allow",
          "os": {
            "name": "windows"
          }
        }
      ],
      "artifact": {
        "sha1": "e6c1eec8be8a71951b830a4d69efc01c6531900c",
        "size": 101535,
        "path": "org/lwjgl/lwjgl-opengl/3.3.3/lwjgl-opengl-3.3.3-natives-windows.jar",
        "url": "https://libraries.minecraft.net/org/lwjgl/lwjgl-opengl/3.3.3/lwjgl-opengl-3.3.3-natives-windows.jar"
      }
    },
    {
      "name": "org.lwjgl:lwjgl-opengl:3.3.3:natives-windows-arm64",
      "rules": [
        {
          "action": "allow",
          "os": {
            "name": "windows"
          }
        }
      ],
      "artifact": {
        "sha1": "65e956d3735a1abdc82eff4baec1b61174697d4b",
        "size": 83095,
        "path": "org/lwjgl/lwjgl-opengl/3.3.3/lwjgl-opengl-3.3.3-natives-windows-arm64.jar",
        "url": "https://libraries.minecraft.net/org/lwjgl/lwjgl-opengl/3.3.3/lwjgl-opengl-3.3.3-natives-windows-arm64.jar"
      }
    },
    {
      "name": "org.lwjgl:lwjgl-opengl:3.3.3:natives-windows-x86",
      "rules": [
        {
          "action": "allow",
          "os": {
            "name": "windows"
          }
        }
      ],
      "artifact": {
        "sha1": "0d32d833dcaa2f355a886eaf21f0408b5f03241d",
        "size": 88612,
        "path": "org/lwjgl/lwjgl-opengl/3.3.3/lwjgl-opengl-3.3.3-natives-windows-x86.jar",
        "url": "https://libraries.minecraft.net/org/lwjgl/lwjgl-opengl/3.3.3/lwjgl-opengl-3.3.3-natives-windows-x86.jar"
      }
    },
    {
      "name": "org.lwjgl:lwjgl-stb:3.3.3",
      "artifact": {
        "sha1": "25dd6161988d7e65f71d5065c99902402ee32746",
        "size": 120283,
        "path": "org/lwjgl/lwjgl-stb/3.3.3/lwjgl-stb-3.3.3.jar",
        "url": "https://libraries.minecraft.net/org/lwjgl/lwjgl-stb/3.3.3/lwjgl-stb-3.3.3.jar"
      }
    },
    {
      "name": "org.lwjgl:lwjgl-stb:3.3.3:natives-linux",
      "rules": [
        {
          "action": "allow",
          "os": {
            "name": "linux"
          }
        }
      ],
      "artifact": {
        "sha1": "fd1271ccd9d85eff2fa31f3fd543e02ccfaf5041",
        "size": 231820,
        "path": "org/lwjgl/lwjgl-stb/3.3.3/lwjgl-stb-3.3.3-natives-linux.jar",
        "url": "https://libraries.minecraft.net/org/lwjgl/lwjgl-stb/3.3.3/lwjgl-stb-3.3.3-natives-linux.jar"
      }
    },
    {
      "name": "org.lwjgl:lwjgl-stb:3.3.3:natives-macos",
      "rules": [
        {
          "action": "allow",
          "os": {
            "name": "osx"
          }
        }
      ],
      "artifact": {
        "sha1": "472792c98fb2c1557c060cb9da5fca6a9773621f",
        "size": 216456,
        "path": "org/lwjgl/lwjgl-stb/3.3.3/lwjgl-stb-3.3.3-natives-macos.jar",
        "url": "https://libraries.minecraft.net/org/lwjgl/lwjgl-stb/3.3.3/lwjgl-stb-3.3.3-natives-macos.jar"
      }
    },
    {
      "name": "org.lwjgl:lwjgl-stb:3.3.3:natives-macos-arm64",
      "rules": [
        {
          "action": "allow",
          "os": {
            "name": "osx"
          }
        }
      ],
      "artifact": {
        "sha1": "51c6955571fbcdb7bb538c6aa589b953b584c6af",
        "size": 183628,
        "path": "org/lwjgl/lwjgl-stb/3.3.3/lwjgl-stb-3.3.3-natives-macos-arm64.jar",
        "url": "https://libraries.minecraft.net/org/lwjgl/lwjgl-stb/3.3.3/lwjgl-stb-3.3.3-natives-macos-arm64.jar"
      }
    },
    {
      "name": "org.lwjgl:lwjgl-stb:3.3.3:natives-windows",
      "rules": [
        {
          "action": "allow",
          "os": {
            "name": "windows"
          }
        }
      ],
      "artifact": {
        "sha1": "1d9facdf6541de114b0f963be33505b7679c78cb",
        "size": 261297,
        "path": "org/lwjgl/lwjgl-stb/3.3.3/lwjgl-stb-3.3.3-natives-windows.jar",
        "url": "https://libraries.minecraft.net/org/lwjgl/lwjgl-stb/3.3.3/lwjgl-stb-3.3.3-natives-windows.jar"
      }
    },
    {
      "name": "org.lwjgl:lwjgl-stb:3.3.3:natives-windows-arm64",
      "rules": [
        {
          "action": "allow",
          "os": {
            "name": "windows"
          }
        }
      ],
      "artifact": {
        "sha1": "a584ab44de569708871f0a79561f4d8c37487f2c",
        "size": 219511,
        "path": "org/lwjgl/lwjgl-stb/3.3.3/lwjgl-stb-3.3.3-natives-windows-arm64.jar",
        "url": "https://libraries.minecraft.net/org/lwjgl/lwjgl-stb/3.3.3/lwjgl-stb-3.3.3-natives-windows-arm64.jar"
      }
    },
    {
      "name": "org.lwjgl:lwjgl-stb:3.3.3:natives-windows-x86",
      "rules": [
        {
          "action": "allow",
          "os": {
            "name": "windows"
          }
        }
      ],
      "artifact": {
        "sha1": "b5c874687b9aac1a936501d4ed2c49567fd1b575",
        "size": 227800,
        "path": "org/lwjgl/lwjgl-stb/3.3.3/lwjgl-stb-3.3.3-natives-windows-x86.jar",
        "url": "https://libraries.minecraft.net/org/lwjgl/lwjgl-stb/3.3.3/lwjgl-stb-3.3.3-natives-windows-x86.jar"
      }
    },
    {
      "name": "org.lwjgl:lwjgl-tinyfd:3.3.3",
      "artifact": {
        "sha1": "82d755ca94b102e9ca77283b9e2dc46d1b15fbe5",
        "size": 13400,
        "path": "org/lwjgl/lwjgl-tinyfd/3.3.3/lwjgl-tinyfd-3.3.3.jar",
        "url": "https://libraries.minecraft.net/org/lwjgl/lwjgl-tinyfd/3.3.3/lwjgl-tinyfd-3.3.3.jar"
      }
    },
    {
      "name": "org.lwjgl:lwjgl-tinyfd:3.3.3:natives-linux",
      "rules": [
        {
          "action": "allow",
          "os": {
            "name": "linux"
          }
        }
      ],
      "artifact": {
        "sha1": "d8d58daa0c3e5fd906fee96f5fddbcbc07cc308b",
        "size": 44192,
        "path": "org/lwjgl/lwjgl-tinyfd/3.3.3/lwjgl-tinyfd-3.3.3-natives-linux.jar",
        "url": "https://libraries.minecraft.net/org/lwjgl/lwjgl-tinyfd/3.3.3/lwjgl-tinyfd-3.3.3-natives-linux.jar"
      }
    },
    {
      "name": "org.lwjgl:lwjgl-tinyfd:3.3.3:natives-macos",
      "rules": [
        {
          "action": "allow",
          "os": {
            "name": "osx"
          }
        }
      ],
      "artifact": {
        "sha1": "6598081e346a03038a8be68eb2de614a1c2eac68",
        "size": 45865,
        "path": "org/lwjgl/lwjgl-tinyfd/3.3.3/lwjgl-tinyfd-3.3.3-natives-macos.jar",
        "url": "https://libraries.minecraft.net/org/lwjgl/lwjgl-tinyfd/3.3.3/lwjgl-tinyfd-3.3.3-natives-macos.jar"
      }
    },
    {
      "name": "org.lwjgl:lwjgl-tinyfd:3.3.3:natives-macos-arm64",
      "rules": [
        {
          "action": "allow",
          "os": {
            "name": "osx"
          }
        }
      ],
      "artifact": {
        "sha1": "406feedb977372085a61eb0fee358183f4f4c67a",
        "size": 42498,
        "path": "org/lwjgl/lwjgl-tinyfd/3.3.3/lwjgl-tinyfd-3.3.3-natives-macos-arm64.jar",
        "url": "https://libraries.minecraft.net/org/lwjgl/lwjgl-tinyfd/3.3.3/lwjgl-tinyfd-3.3.3-natives-macos-arm64.jar"
      }
    },
    {
      "name": "org.lwjgl:lwjgl-tinyfd:3.3.3:natives-windows",
      "rules": [
        {
          "action": "allow",
          "os": {
            "name": "windows"
          }
        }
      ],
      "artifact": {
        "sha1": "a6697981b0449a5087c1d546fc08b4f73e8f98c9",
        "size": 130253,
        "path": "org/lwjgl/lwjgl-tinyfd/3.3.3/lwjgl-tinyfd-3.3.3-natives-windows.jar",
        "url": "https://libraries.minecraft.net/org/lwjgl/lwjgl-tinyfd/3.3.3/lwjgl-tinyfd-3.3.3-natives-windows.jar"
      }
    },
    {
      "name": "org.lwjgl:lwjgl-tinyfd:3.3.3:natives-windows-arm64",
      "rules": [
        {
          "action": "allow",
          "os": {
            "name": "windows"
          }
        }
      ],
      "artifact": {
        "sha1": "a88c494f3006eb91a7433b12a3a55a9a6c20788b",
        "size": 110867,
        "path": "org/lwjgl/lwjgl-tinyfd/3.3.3/lwjgl-tinyfd-3.3.3-natives-windows-arm64.jar",
        "url": "https://libraries.minecraft.net/org/lwjgl/lwjgl-tinyfd/3.3.3/lwjgl-tinyfd-3.3.3-natives-windows-arm64.jar"
      }
    },
    {
      "name": "org.lwjgl:lwjgl-tinyfd:3.3.3:natives-windows-x86",
      "rules": [
        {
          "action": "allow",
          "os": {
            "name": "windows"
          }
        }
      ],
      "artifact": {
        "sha1": "c336c84ee88cccb495c6ffa112395509e7378e8a",
        "size": 111797,
        "path": "org/lwjgl/lwjgl-tinyfd/3.3.3/lwjgl-tinyfd-3.3.3-natives-windows-x86.jar",
        "url": "https://libraries.minecraft.net/org/lwjgl/lwjgl-tinyfd/3.3.3/lwjgl-tinyfd-3.3.3-natives-windows-x86.jar"
      }
    },
    {
      "name": "org.lwjgl:lwjgl:3.3.3",
      "artifact": {
        "sha1": "29589b5f87ed335a6c7e7ee6a5775f81f97ecb84",
        "size": 785029,
        "path": "org/lwjgl/lwjgl/3.3.3/lwjgl-3.3.3.jar",
        "url": "https://libraries.minecraft.net/org/lwjgl/lwjgl/3.3.3/lwjgl-3.3.3.jar"
      }
    },
    {
      "name": "org.lwjgl:lwjgl:3.3.3:natives-linux",
      "rules": [
        {
          "action": "allow",
          "os": {
            "name": "linux"
          }
        }
      ],
      "artifact": {
        "sha1": "1713758e3660ba66e1e954396fd18126038b33c0",
        "size": 114627,
        "path": "org/lwjgl/lwjgl/3.3.3/lwjgl-3.3.3-natives-linux.jar",
        "url": "https://libraries.minecraft.net/org/lwjgl/lwjgl/3.3.3/lwjgl-3.3.3-natives-linux.jar"
      }
    },
    {
      "name": "org.lwjgl:lwjgl:3.3.3:natives-macos",
      "rules": [
        {
          "action": "allow",
          "os": {
            "name": "osx"
          }
        }
      ],
      "artifact": {
        "sha1": "33a6efa288390490ce6eb6c3df47ac21ecf648cf",
        "size": 60543,
        "path": "org/lwjgl/lwjgl/3.3.3/lwjgl-3.3.3-natives-macos.jar",
        "url": "https://libraries.minecraft.net/org/lwjgl/lwjgl/3.3.3/lwjgl-3.3.3-natives-macos.jar"
      }
    },
    {
      "name": "org.lwjgl:lwjgl:3.3.3:natives-macos-arm64",
      "rules": [
        {
          "action": "allow",
          "os": {
            "name": "osx"
          }
        }
      ],
      "artifact": {
        "sha1": "226246e75f6bd8d4e1895bdce8638ef87808d114",
        "size": 48620,
        "path": "org/lwjgl/lwjgl/3.3.3/lwjgl-3.3.3-natives-macos-arm64.jar",
        "url": "https://libraries.minecraft.net/org/lwjgl/lwjgl/3.3.3/lwjgl-3.3.3-natives-macos-arm64.jar"
      }
    },
    {
      "name": "org.lwjgl:lwjgl:3.3.3:natives-windows",
      "rules": [
        {
          "action": "allow",
          "os": {
            "name": "windows"
          }
        }
      ],
      "artifact": {
        "sha1": "a5ed18a2b82fc91b81f40d717cb1f64c9dcb0540",
        "size": 165442,
        "path": "org/lwjgl/lwjgl/3.3.3/lwjgl-3.3.3-natives-windows.jar",
        "url": "https://libraries.minecraft.net/org/lwjgl/lwjgl/3.3.3/lwjgl-3.3.3-natives-windows.jar"
      }
    },
    {
      "name": "org.lwjgl:lwjgl:3.3.3:natives-windows-arm64",
      "rules": [
        {
          "action": "allow",
          "os": {
            "name": "windows"
          }
        }
      ],
      "artifact": {
        "sha1": "e9aca8c5479b520a2a7f0d542a118140e812c5e8",
        "size": 133378,
        "path": "org/lwjgl/lwjgl/3.3.3/lwjgl-3.3.3-natives-windows-arm64.jar",
        "url": "https://libraries.minecraft.net/org/lwjgl/lwjgl/3.3.3/lwjgl-3.3.3-natives-windows-arm64.jar"
      }
    },
    {
      "name": "org.lwjgl:lwjgl:3.3.3:natives-windows-x86",
      "rules": [
        {
          "action": "allow",
          "os": {
            "name": "windows"
          }
        }
      ],
      "artifact": {
        "sha1": "9e670718e050aeaeea0c2d5b907cffb142f2e58f",
        "size": 139653,
        "path": "org/lwjgl/lwjgl/3.3.3/lwjgl-3.3.3-natives-windows-x86.jar",
        "url": "https://libraries.minecraft.net/org/lwjgl/lwjgl/3.3.3/lwjgl-3.3.3-natives-windows-x86.jar"
      }
    },
    {
      "name": "org.lz4:lz4-java:1.8.0",
      "artifact": {
        "sha1": "4b986a99445e49ea5fbf5d149c4b63f6ed6c6780",
        "size": 682804,
        "path": "org/lz4/lz4-java/1.8.0/lz4-java-1.8.0.jar",
        "url": "https://libraries.minecraft.net/org/lz4/lz4-java/1.8.0/lz4-java-1.8.0.jar"
      }
    },
    {
      "name": "org.slf4j:slf4j-api:2.0.9",
      "artifact": {
        "sha1": "7cf2726fdcfbc8610f9a71fb3ed639871f315340",
        "size": 64579,
        "path": "org/slf4j/slf4j-api/2.0.9/slf4j-api-2.0.9.jar",
        "url": "https://libraries.minecraft.net/org/slf4j/slf4j-api/2.0.9/slf4j-api-2.0.9.jar"
      }
    }
  ],
  "assetIndex": {
    "id": "17",
    "totalSize": 799252591,
    "size": 447033,
    "url": "https://piston-meta.mojang.com/v1/packages/fab15439bdef669e389e25e815eee8f1b2aa915e/17.json"
  },
  "downloads": {
    "client": {
      "sha1": "0e9a07b9bb3390602f977073aa12884a4ce12431",
      "size": 26836080,
      "url": "https://piston-data.mojang.com/v1/objects/0e9a07b9bb3390602f977073aa12884a4ce12431/client.jar"
    },
    "client_mappings": {
      "sha1": "0530a206839eb1e9b35ec86acbbe394b07a2d9fb",
      "size": 9597156,
      "url": "https://piston-data.mojang.com/v1/objects/0530a206839eb1e9b35ec86acbbe394b07a2d9fb/client.txt"
    },
    "server": {
      "sha1": "450698d1863ab5180c25d7c804ef0fe6369dd1ba",
      "size": 51623779,
      "url": "https://piston-data.mojang.com/v1/objects/450698d1863ab5180c25d7c804ef0fe6369dd1ba/server.jar"
    },
    "server_mappings": {
      "sha1": "31c77994d96f05ba25a870ada70f47f315330437",
      "size": 7454609,
      "url": "https://piston-data.mojang.com/v1/objects/31c77994d96f05ba25a870ada70f47f315330437/server.txt"
    }
  },
  "complianceLevel": 1.0,
  "javaVersion": {
    "component": "java-runtime-delta",
    "majorVersion": 21.0
  },
  "logging": {
    "client": {
      "argument": "-Dlog4j.configurationFile=${path}",
      "file": {
        "id": "client-1.12.xml",
        "sha1": "bd65e7d2e3c237be76cfbef4c2405033d7f91521",
        "size": 888,
        "url": "https://launcher.mojang.com/v1/objects/bd65e7d2e3c237be76cfbef4c2405033d7f91521/client-1.12.xml"
      },
      "type": "log4j2-xml"
    }
  }
}