{
  "activateSkinCapeForUserVersion": false,
  "skipHashsumValidation": false,
  "tlauncherVersion": 0,
  "modpack": {
    "modpackMemory": false,
    "memory": 0,
    "id": -76995162216400,
    "name": "[ATA] Fabric (1.20.1)",
    "favorite": false,
    "version": {
      "mods": [
        {
          "stateGameElement": "active",
          "id": 306612,
          "name": "Fabric API",
          "author": "",
          "linkProject": "https://www.curseforge.com/minecraft/mc-mods/fabric-api",
          "favorite": false,
          "categories": [
            {
              "id": 7,
              "name": "library_api",
              "shortName": "api",
              "nesting": 0
            }
          ],
          "picture": 451326,
          "pictures": [],
          "lanName": "fabric-api",
          "version": {
            "id": 5105683,
            "name": "fabric-api-0.92.0+1.20.1",
            "updateDate": 1707852163000,
            "type": "release",
            "gameVersionsDTO": [
              {
                "id": 46,
                "name": "1.20.1"
              }
            ],
            "metadata": {
              "sha1": "3373057a5049e311557f8c9494b35ef2df88d984",
              "size": 2105690,
              "path": "mods/fabric-api-0.92.0+1.20.1.jar",
              "url": "/mods/306612/5105683/fabric-api-0.92.0+1.20.1.jar"
            },
            "available": false,
            "minecraftVersionTypes": [
              {
                "id": 2,
                "name": "fabric"
              }
            ]
          },
          "downloadMonth": 1786,
          "userInstall": false,
          "populateStatus": false,
          "dependencies": [],
          "lastGameVersion": {
            "id": 49,
            "name": "1.20.4"
          },
          "updated": 1710190800000,
          "update": 1710190800000,
          "downloadALL": 6073461,
          "available": true,
          "parser": true,
          "totalComments": 0,
          "adult": false
        }
      ],
      "resourcePacks": [],
      "maps": [],
      "shaderpacks": [],
      "gameVersionDTO": {
        "id": 46,
        "name": "1.20.1"
      },
      "minecraftVersionName": {
        "id": 6286,
        "name": "0.15.7"
      },
      "id": -76995162219601,
      "name": "1.0",
      "available": false,
      "minecraftVersionTypes": [
        {
          "id": 2,
          "name": "fabric"
        }
      ]
    },
    "userInstall": false,
    "populateStatus": false,
    "available": false,
    "parser": false,
    "totalComments": 0
  },
  "source": "local_versıon_repo",
  "jar": "1.20.1",
  "skinVersion": false
}