{"stats":{"minecraft:killed":{"minecraft:rabbit":2},"minecraft:picked_up":{"minecraft:snow":1,"minecraft:rabbit_foot":1},"minecraft:used":{"minecraft:snow":2},"minecraft:dropped":{"minecraft:snow":3,"minecraft:rabbit_foot":1},"minecraft:custom":{"minecraft:jump":19,"minecraft:time_since_rest":3532,"minecraft:damage_dealt":100,"minecraft:sprint_one_cm":872,"minecraft:leave_game":2,"minecraft:play_time":3532,"minecraft:time_since_death":3532,"minecraft:walk_one_cm":5167,"minecraft:total_world_time":4046,"minecraft:mob_kills":4,"minecraft:drop":4,"minecraft:fly_one_cm":17232}},"DataVersion":3465}